"Cropland to keep (ha)","Cropland to release (ha)","Cropland to expand (ha)","Scenario","Biodiveristy cost (0-1)","Carbon cost (T)","Elephant migration cost (0-1)","Travel time (mins)"
12016227.6653788,12478351.2551243,4325834.22080771,"80%",68037.4782891273,349492088.458191,31614.5232534764,267.51939442607
13398366.378405,11096212.5420981,3005154.05631209,"60%",78682.5920341611,249829707.715532,42444.7511540731,229.737911785644
19566579.4379808,4927999.48252235,13967186.6700526,"60%_half",197070.113926455,852054320.513149,148730.114280218,102.566361788397
